d,k,p,q,q_gt_6M,nearest_mu_q,nearest_tau_q,mu_dist_lower,mu_dist_upper,tau_dist_lower,tau_dist_upper,epsilon_lower,threshold_upper
0,72,15136144531388965939312829111354084553,11952668732083860469560629603327231815,True,-24302011355457541401343834069592783918,15136144531388965939312829111354084553,0.482176433458909702795818152626,0.482176433458909702795818152627,0.00000000000000000000000000000000000005032165873899528678995474177292814674055932,0.00000000000000000000000000000000000005032165873899528678995474177292814674055933,0.467079935837211116758831730095,184.34141791241972087871
1,72,15136144531388965939312829111354084553,11952668732083860469560629603327231815,True,-19037815911801830758820800250864477722,15136144531388965939312829111354084553,0.421350275013697416969466269018,0.421350275013697416969466269019,0.00000000000000000000000000000000000005032165873899528678995474177292814674055932,0.00000000000000000000000000000000000005032165873899528678995474177292814674055933,0.406253777391998830932479846486,184.63135754560266419935
2,72,15136144531388965939312829111354084553,11952668732083860469560629603327231815,True,-15120638765388840025002810378174452063,15136144531388965939312829111354084553,0.193044327028045740383182964618,0.193044327028045740383182964619,0.00000000000000000000000000000000000005032165873899528678995474177292814674055932,0.00000000000000000000000000000000000005032165873899528678995474177292814674055933,0.177947829406347154346196542086,186.34679256756011417956
3,72,15136144531388965939312829111354084553,11952668732083860469560629603327231815,True,-12349342623373680931783204466265552103,15136144531388965939312829111354084553,0.482176433458909702795818152626,0.482176433458909702795818152627,0.00000000000000000000000000000000000005032165873899528678995474177292814674055932,0.00000000000000000000000000000000000005032165873899528678995474177292814674055933,0.467079935837211116758831730095,184.34141791241972087871
4,72,15136144531388965939312829111354084553,11952668732083860469560629603327231815,True,-10467893814106927354458838550423727943,15136144531388965939312829111354084553,0.220832171804012553063537177929,0.220832171804012553063537177930,0.00000000000000000000000000000000000005032165873899528678995474177292814674055932,0.00000000000000000000000000000000000005032165873899528678995474177292814674055933,0.205735674182313967026550755397,186.04525842362557060630
5,72,15136144531388965939312829111354084553,11952668732083860469560629603327231815,True,-9229560132866318919045201210782548281,15136144531388965939312829111354084553,0.024827160700366431527962529394,0.024827160700366431527962529395,0.00000000000000000000000000000000000005032165873899528678995474177292814674055932,0.00000000000000000000000000000000000005032165873899528678995474177292814674055933,0.009730663078667845490976106862,192.38614617657461882901
6,72,15136144531388965939312829111354084553,11952668732083860469560629603327231815,True,-8432165476960690197965214593575526445,15136144531388965939312829111354084553,0.289517618555438620617898542973,0.289517618555438620617898542974,0.00000000000000000000000000000000000005032165873899528678995474177292814674055932,0.00000000000000000000000000000000000005032165873899528678995474177292814674055933,0.274421120933740034580912120441,185.44662048625329196168
7,72,15136144531388965939312829111354084553,11952668732083860469560629603327231815,True,-7926234952895951114613776503000778159,15136144531388965939312829111354084553,0.228968795809142826891059336510,0.228968795809142826891059336511,0.00000000000000000000000000000000000005032165873899528678995474177292814674055932,0.00000000000000000000000000000000000005032165873899528678995474177292814674055933,0.213872298187444240854072913978,185.96465589556650438756
8,72,15136144531388965939312829111354084553,11952668732083860469560629603327231815,True,-7608320637542248456487833181026658741,15136144531388965939312829111354084553,0.224842318961164768867211788617,0.224842318961164768867211788618,0.00000000000000000000000000000000000005032165873899528678995474177292814674055932,0.00000000000000000000000000000000000005032165873899528678995474177292814674055933,0.209745821339466182830225366085,186.00514259061052310910
9,72,15136144531388965939312829111354084553,11952668732083860469560629603327231815,True,-7409784661264239077952557003516908984,15136144531388965939312829111354084553,0.139774245707641121405769362921,0.139774245707641121405769362922,0.00000000000000000000000000000000000005032165873899528678995474177292814674055932,0.00000000000000000000000000000000000005032165873899528678995474177292814674055933,0.124677748085942535368782940389,187.08608865796487909796
10,72,15136144531388965939312829111354084553,11952668732083860469560629603327231815,True,-7286284472562858557366830632794400745,15136144531388965939312829111354084553,0.263567568943257612789383644180,0.263567568943257612789383644181,0.00000000000000000000000000000000000005032165873899528678995474177292814674055932,0.00000000000000000000000000000000000005032165873899528678995474177292814674055933,0.248471071321559026752397221648,185.65305231831173438608
11,73,16115051198600194239268190316172379449,12725689040428549011872695801566531678,True,-7675921853185092447758201144154291198,16115051198600194239268190316172379449,0.181773269201872714341756564649,0.181773269201872714341756564650,0.00000000000000000000000000000000000003008719031287706863635906090815662584675877,0.00000000000000000000000000000000000003008719031287706863635906090815662584675878,0.172747112108009593750848846376,186.53866191738474014699
12,72,15136144531388965939312829111354084553,11952668732083860469560629603327231815,True,-7162167160067734592619910668711284362,15136144531388965939312829111354084553,0.233458672905670357138174953476,0.233458672905670357138174953477,0.00000000000000000000000000000000000005032165873899528678995474177292814674055932,0.00000000000000000000000000000000000005032165873899528678995474177292814674055933,0.218362175283971771101188530945,185.92148168779223528325
13,72,15136144531388965939312829111354084553,11952668732083860469560629603327231815,True,-7132776327864701335814723394937176333,15136144531388965939312829111354084553,0.120758665151938199459570415226,0.120758665151938199459570415227,0.00000000000000000000000000000000000005032165873899528678995474177292814674055932,0.00000000000000000000000000000000000005032165873899528678995474177292814674055933,0.105662167530239613422583992694,187.42998188511281138333
14,72,15136144531388965939312829111354084553,11952668732083860469560629603327231815,True,-7114594390632882736892435881358877396,15136144531388965939312829111354084553,0.160418596765570817449145854017,0.160418596765570817449145854018,0.00000000000000000000000000000000000005032165873899528678995474177292814674055932,0.00000000000000000000000000000000000005032165873899528678995474177292814674055933,0.145322099143872231412159431486,186.76768364158893520231
15,72,15136144531388965939312829111354084553,11952668732083860469560629603327231815,True,-7103350677213070440445004055441085959,15136144531388965939312829111354084553,0.137632485609076861908540095821,0.137632485609076861908540095822,0.00000000000000000000000000000000000005032165873899528678995474177292814674055932,0.00000000000000000000000000000000000005032165873899528678995474177292814674055933,0.122535987987378275871553673289,187.12209697271277799047
16,73,16115051198600194239268190316172379449,12725689040428549011872695801566531678,True,-7555347739996899510371042634390562435,16115051198600194239268190316172379449,0.101332594858163470219139823440,0.101332594858163470219139823441,0.00000000000000000000000000000000000003008719031287706863635906090815662584675877,0.00000000000000000000000000000000000003008719031287706863635906090815662584675878,0.092306437764300349628232105168,187.84102986713309750546
17,72,15136144531388965939312829111354084553,11952668732083860469560629603327231815,True,-7092101871802731281678033093686755767,15136144531388965939312829111354084553,0.199172691684348575507476019843,0.199172691684348575507476019844,0.00000000000000000000000000000000000005032165873899528678995474177292814674055932,0.00000000000000000000000000000000000005032165873899528678995474177292814674055933,0.184076194062649989470489597311,186.27642988279591321834
18,72,15136144531388965939312829111354084553,11952668732083860469560629603327231815,True,-7089445645647177584265729488582686286,15136144531388965939312829111354084553,0.176117029109114326457751521311,0.176117029109114326457751521312,0.00000000000000000000000000000000000005032165873899528678995474177292814674055932,0.00000000000000000000000000000000000005032165873899528678995474177292814674055933,0.161020531487415740420765098779,186.55451508659067571306
19,72,15136144531388965939312829111354084553,11952668732083860469560629603327231815,True,-7087803865562722394747965805517564706,15136144531388965939312829111354084553,0.098005737570857682194323613563,0.098005737570857682194323613564,0.00000000000000000000000000000000000005032165873899528678995474177292814674055932,0.00000000000000000000000000000000000005032165873899528678995474177292814674055933,0.082909239949159096157337191031,187.93391877566557505495
20,72,15136144531388965939312829111354084553,11952668732083860469560629603327231815,True,-7086789135406853986096161884185628896,15136144531388965939312829111354084553,0.313166285909782953513392644139,0.313166285909782953513392644140,0.00000000000000000000000000000000000005032165873899528678995474177292814674055932,0.00000000000000000000000000000000000005032165873899528678995474177292814674055933,0.298069788288084367476406221607,185.27483795838013096985
21,72,15136144531388965939312829111354084553,11952668732083860469560629603327231815,True,-7086161976953195604360663276456576129,15136144531388965939312829111354084553,0.364399674151764766957966638818,0.364399674151764766957966638819,0.00000000000000000000000000000000000005032165873899528678995474177292814674055932,0.00000000000000000000000000000000000005032165873899528678995474177292814674055933,0.349303176530066180920980216286,184.94522719337804743830
22,72,15136144531388965939312829111354084553,11952668732083860469560629603327231815,True,-7085774363794709840738633632185558998,15136144531388965939312829111354084553,0.488708303073739645417135698047,0.488708303073739645417135698048,0.00000000000000000000000000000000000005032165873899528678995474177292814674055932,0.00000000000000000000000000000000000005032165873899528678995474177292814674055933,0.473611805452041059380149275515,184.31255827566335332456
23,72,15136144531388965939312829111354084553,11952668732083860469560629603327231815,True,-7085534802663849287682438183651303083,15136144531388965939312829111354084553,0.169225336291972153311853697108,0.169225336291972153311853697109,0.00000000000000000000000000000000000005032165873899528678995474177292814674055932,0.00000000000000000000000000000000000005032165873899528678995474177292814674055933,0.154128838670273567274867274576,186.64541687236119770094
24,72,15136144531388965939312829111354084553,11952668732083860469560629603327231815,True,-7085386744587340737021867562012618504,15136144531388965939312829111354084553,0.296602597514343755556983835822,0.296602597514343755556983835823,0.00000000000000000000000000000000000005032165873899528678995474177292814674055932,0.00000000000000000000000000000000000005032165873899528678995474177292814674055933,0.281506099892645169519997413290,185.39364952618807889381
25,72,15136144531388965939312829111354084553,11952668732083860469560629603327231815,True,-7085295239222476324997316687736727123,15136144531388965939312829111354084553,0.294170304899587305546672793300,0.294170304899587305546672793301,0.00000000000000000000000000000000000005032165873899528678995474177292814674055932,0.00000000000000000000000000000000000005032165873899528678995474177292814674055933,0.279073807277888719509686370768,185.41168280610306831954
26,72,15136144531388965939312829111354084553,11952668732083860469560629603327231815,True,-7085238685628284456043717113287283462,15136144531388965939312829111354084553,0.422546184865151515657297145012,0.422546184865151515657297145013,0.00000000000000000000000000000000000005032165873899528678995474177292814674055932,0.00000000000000000000000000000000000005032165873899528678995474177292814674055933,0.407449687243452929620310722480,184.62524916209764753091
27,72,15136144531388965939312829111354084553,11952668732083860469560629603327231815,True,-7085203733520506192912907645995077995,15136144531388965939312829111354084553,0.402089469939802761507072668331,0.402089469939802761507072668332,0.00000000000000000000000000000000000005032165873899528678995474177292814674055932,0.00000000000000000000000000000000000005032165873899528678995474177292814674055933,0.386992972318104175470086245799,184.73229334099846135310
28,72,15136144531388965939312829111354084553,11952668732083860469560629603327231815,True,-7085182131905329073484503930560147297,15136144531388965939312829111354084553,0.021842100838468524622698567047,0.021842100838468524622698567048,0.00000000000000000000000000000000000005032165873899528678995474177292814674055932,0.00000000000000000000000000000000000005032165873899528678995474177292814674055933,0.006745603216769938585712144515,193.14753878020714281647
29,72,15136144531388965939312829111354084553,11952668732083860469560629603327231815,True,-7085168781363544505677579278202869072,15136144531388965939312829111354084553,0.339925607093055129855200859548,0.339925607093055129855200859549,0.00000000000000000000000000000000000005032165873899528678995474177292814674055932,0.00000000000000000000000000000000000005032165873899528678995474177292814674055933,0.324829109471356543818214437016,185.09618154434878899831
30,72,15136144531388965939312829111354084553,11952668732083860469560629603327231815,True,-7085160530271365525055090812240630413,15136144531388965939312829111354084553,0.393978336721550198532261557373,0.393978336721550198532261557374,0.00000000000000000000000000000000000005032165873899528678995474177292814674055932,0.00000000000000000000000000000000000005032165873899528678995474177292814674055933,0.378881839099851612495275134841,184.77631168404441723773
31,73,16115051198600194239268190316172379449,12725689040428549011872695801566531678,True,-7543376867262230509727447089555746248,16115051198600194239268190316172379449,0.031098861399515750173545005447,0.031098861399515750173545005448,0.00000000000000000000000000000000000003008719031287706863635906090815662584675877,0.00000000000000000000000000000000000003008719031287706863635906090815662584675878,0.022072704305652629582637287175,190.81429874158357908339
32,72,15136144531388965939312829111354084553,11952668732083860469560629603327231815,True,-7085152279176445636612760938810535221,15136144531388965939312829111354084553,0.213237613636508878846836352507,0.213237613636508878846836352508,0.00000000000000000000000000000000000005032165873899528678995474177292814674055932,0.00000000000000000000000000000000000005032165873899528678995474177292814674055933,0.198141116014810292809849929975,186.12342093727547559812
33,72,15136144531388965939312829111354084553,11952668732083860469560629603327231815,True,-7085150331356755846499258371861541603,15136144531388965939312829111354084553,0.399666611961122676987027469564,0.399666611961122676987027469565,0.00000000000000000000000000000000000005032165873899528678995474177292814674055932,0.00000000000000000000000000000000000005032165873899528678995474177292814674055933,0.384570114339424090950041047032,184.74534457715559792001
34,72,15136144531388965939312829111354084553,11952668732083860469560629603327231815,True,-7085149127537907227092549542252478450,15136144531388965939312829111354084553,0.472404239227884357520192133725,0.472404239227884357520192133726,0.00000000000000000000000000000000000005032165873899528678995474177292814674055932,0.00000000000000000000000000000000000005032165873899528678995474177292814674055933,0.457307741606185771483205711193,184.38535667549966510883
35,72,15136144531388965939312829111354084553,11952668732083860469560629603327231815,True,-7085148383536913310702651124185608542,15136144531388965939312829111354084553,0.289871308271758177129436933861,0.289871308271758177129436933862,0.00000000000000000000000000000000000005032165873899528678995474177292814674055932,0.00000000000000000000000000000000000005032165873899528678995474177292814674055933,0.274774810650059591092450511329,185.44394385289530707096
36,72,15136144531388965939312829111354084553,11952668732083860469560629603327231815,True,-7085147923719000264020874237729239408,15136144531388965939312829111354084553,0.229839922184472015696364571935,0.229839922184472015696364571936,0.00000000000000000000000000000000000005032165873899528678995474177292814674055932,0.00000000000000000000000000000000000005032165873899528678995474177292814674055933,0.214743424562773429659378149403,185.95620880077358055567
37,72,15136144531388965939312829111354084553,11952668732083860469560629603327231815,True,-7085147639535897109014428712039505354,15136144531388965939312829111354084553,0.294430051002538896680581457532,0.294430051002538896680581457533,0.00000000000000000000000000000000000005032165873899528678995474177292814674055932,0.00000000000000000000000000000000000005032165873899528678995474177292814674055933,0.279333553380840310643595035000,185.40974953997391491955
38,72,15136144531388965939312829111354084553,11952668732083860469560629603327231815,True,-7085147463901078705112271857055160781,15136144531388965939312829111354084553,0.072820456028318108798187646500,0.072820456028318108798187646501,0.00000000000000000000000000000000000005032165873899528678995474177292814674055932,0.00000000000000000000000000000000000005032165873899528678995474177292814674055933,0.057723958406619522761201223969,188.68634044328446747319
39,72,15136144531388965939312829111354084553,11952668732083860469560629603327231815,True,-7085147355352790702626581397098434770,15136144531388965939312829111354084553,0.341481728916152425832012042351,0.341481728916152425832012042352,0.00000000000000000000000000000000000005032165873899528678995474177292814674055932,0.00000000000000000000000000000000000005032165873899528678995474177292814674055933,0.326385231294453839795025619819,185.08625005985596775096
40,72,15136144531388965939312829111354084553,11952668732083860469560629603327231815,True,-7085147288266259059292912344614092808,15136144531388965939312829111354084553,0.459858997156513642794838434255,0.459858997156513642794838434256,0.00000000000000000000000000000000000005032165873899528678995474177292814674055932,0.00000000000000000000000000000000000005032165873899528678995474177292814674055933,0.444762499534815056757852011723,184.44316100871417297810
41,72,15136144531388965939312829111354084553,11952668732083860469560629603327231815,True,-7085147246804502225770726589065643615,15136144531388965939312829111354084553,0.127925232778933350808206143851,0.127925232778933350808206143852,0.00000000000000000000000000000000000005032165873899528678995474177292814674055932,0.00000000000000000000000000000000000005032165873899528678995474177292814674055933,0.112828735157234764771219721319,187.29360920725678990298
42,72,15136144531388965939312829111354084553,11952668732083860469560629603327231815,True,-7085147221179727234765962781272400896,15136144531388965939312829111354084553,0.142294813278019970102384835157,0.142294813278019970102384835158,0.00000000000000000000000000000000000005032165873899528678995474177292814674055932,0.00000000000000000000000000000000000005032165873899528678995474177292814674055933,0.127198315656321384065398412625,187.04449571511837429580
43,72,15136144531388965939312829111354084553,11952668732083860469560629603327231815,True,-7085147205342745323038865980408309781,15136144531388965939312829111354084553,0.423805201066816940111446338975,0.423805201066816940111446338976,0.00000000000000000000000000000000000005032165873899528678995474177292814674055932,0.00000000000000000000000000000000000005032165873899528678995474177292814674055933,0.408708703445118354074459916443,184.61883779095330090558
44,72,15136144531388965939312829111354084553,11952668732083860469560629603327231815,True,-7085147195554952217325455475375695667,15136144531388965939312829111354084553,0.342038806185507273262612233158,0.342038806185507273262612233159,0.00000000000000000000000000000000000005032165873899528678995474177292814674055932,0.00000000000000000000000000000000000005032165873899528678995474177292814674055933,0.326942308563808687225625810626,185.08270618577291408334
45,72,15136144531388965939312829111354084553,11952668732083860469560629603327231815,True,-7085147189505763401214213668266467435,15136144531388965939312829111354084553,0.427199669511637976710374632552,0.427199669511637976710374632553,0.00000000000000000000000000000000000005032165873899528678995474177292814674055932,0.00000000000000000000000000000000000005032165873899528678995474177292814674055933,0.412103171889939390673388210020,184.60164983131118344789
46,72,15136144531388965939312829111354084553,11952668732083860469560629603327231815,True,-7085147185767159107755121965284127737,15136144531388965939312829111354084553,0.198548268936303892148610660614,0.198548268936303892148610660615,0.00000000000000000000000000000000000005032165873899528678995474177292814674055932,0.00000000000000000000000000000000000005032165873899528678995474177292814674055933,0.183451771314605306111624238082,186.28349114679104986043
47,72,15136144531388965939312829111354084553,11952668732083860469560629603327231815,True,-7085147183456574583629758364498531550,15136144531388965939312829111354084553,0.457504046861817533353183007290,0.457504046861817533353183007291,0.00000000000000000000000000000000000005032165873899528678995474177292814674055932,0.00000000000000000000000000000000000005032165873899528678995474177292814674055933,0.442407549240118947316196584758,184.45419339852139367083
48,72,15136144531388965939312829111354084553,11952668732083860469560629603327231815,True,-7085147182028554813733312779093846080,15136144531388965939312829111354084553,0.307330963204695069499887616552,0.307330963204695069499887616553,0.00000000000000000000000000000000000005032165873899528678995474177292814674055932,0.00000000000000000000000000000000000005032165873899528678995474177292814674055933,0.292234465582996483462901194020,185.31592423796393540167
49,72,15136144531388965939312829111354084553,11952668732083860469560629603327231815,True,-7085147181145990059289455811151310945,15136144531388965939312829111354084553,0.199182540353924414870837233335,0.199182540353924414870837233336,0.00000000000000000000000000000000000005032165873899528678995474177292814674055932,0.00000000000000000000000000000000000005032165873899528678995474177292814674055933,0.184086042732225828833850810803,186.27631870142315660893
50,72,15136144531388965939312829111354084553,11952668732083860469560629603327231815,True,-7085147180600535043754767819307481285,15136144531388965939312829111354084553,0.360538033703690342454962219560,0.360538033703690342454962219561,0.00000000000000000000000000000000000005032165873899528678995474177292814674055932,0.00000000000000000000000000000000000005032165873899528678995474177292814674055933,0.345441536081991756417975797028,184.96832893710857400005
51,72,15136144531388965939312829111354084553,11952668732083860469560629603327231815,True,-7085147180263425304814239672647848191,15136144531388965939312829111354084553,0.460192727118755278537914642741,0.460192727118755278537914642742,0.00000000000000000000000000000000000005032165873899528678995474177292814674055932,0.00000000000000000000000000000000000005032165873899528678995474177292814674055933,0.445096229497056692500928220209,184.44160228960596512229
52,72,15136144531388965939312829111354084553,11952668732083860469560629603327231815,True,-7085147180055080028208101690167856302,15136144531388965939312829111354084553,0.246583398255002943927506925662,0.246583398255002943927506925663,0.00000000000000000000000000000000000005032165873899528678995474177292814674055932,0.00000000000000000000000000000000000005032165873899528678995474177292814674055933,0.231486900633304357890520503130,185.80018739416005676742
53,72,15136144531388965939312829111354084553,11952668732083860469560629603327231815,True,-7085147179926315565869136284663009846,15136144531388965939312829111354084553,0.076556994285149055029857979725,0.076556994285149055029857979726,0.00000000000000000000000000000000000005032165873899528678995474177292814674055932,0.00000000000000000000000000000000000005032165873899528678995474177292814674055933,0.061460496663450468992871557193,188.55599799642356206174
54,72,15136144531388965939312829111354084553,11952668732083860469560629603327231815,True,-7085147179846734751600216121008339801,15136144531388965939312829111354084553,0.015595920994100784022635189147,0.015595920994100784022635189148,0.00000000000000000000000000000000000005032165873899528678995474177292814674055932,0.00000000000000000000000000000000000005032165873899528678995474177292814674055933,0.000499423372402197985648766615,198.55719806756494391577
55,72,15136144531388965939312829111354084553,11952668732083860469560629603327231815,True,-7085147179797551103529503360444864638,15136144531388965939312829111354084553,0.308272869255093768710710293254,0.308272869255093768710710293255,0.00000000000000000000000000000000000005032165873899528678995474177292814674055932,0.00000000000000000000000000000000000005032165873899528678995474177292814674055933,0.293176371633395182673723870722,185.30923709037804464922
56,72,15136144531388965939312829111354084553,11952668732083860469560629603327231815,True,-7085147179767153937331040987893314595,15136144531388965939312829111354084553,0.065935340778190334875844903252,0.065935340778190334875844903253,0.00000000000000000000000000000000000005032165873899528678995474177292814674055932,0.00000000000000000000000000000000000005032165873899528678995474177292814674055933,0.050838843156491748838858480720,188.95028162871226964293
57,72,15136144531388965939312829111354084553,11952668732083860469560629603327231815,True,-7085147179748367455458693210213626636,15136144531388965939312829111354084553,0.057330880029245266276039275205,0.057330880029245266276039275206,0.00000000000000000000000000000000000005032165873899528678995474177292814674055932,0.00000000000000000000000000000000000005032165873899528678995474177292814674055933,0.042234382407546680239052852673,189.33561308464276606816
58,72,15136144531388965939312829111354084553,11952668732083860469560629603327231815,True,-7085147179736756771132541415798832117,15136144531388965939312829111354084553,0.090638947986149935308916034249,0.090638947986149935308916034250,0.00000000000000000000000000000000000005032165873899528678995474177292814674055932,0.00000000000000000000000000000000000005032165873899528678995474177292814674055933,0.075542450364451349271929611717,188.12728842148505316867
59,72,15136144531388965939312829111354084553,11952668732083860469560629603327231815,True,-7085147179729580973586331223572904426,15136144531388965939312829111354084553,0.184827823458848861672192319314,0.184827823458848861672192319315,0.00000000000000000000000000000000000005032165873899528678995474177292814674055932,0.00000000000000000000000000000000000005032165873899528678995474177292814674055933,0.169731325837150275635205896782,186.44503134943509927845
60,72,15136144531388965939312829111354084553,11952668732083860469560629603327231815,True,-7085147179725146086806384194043867332,15136144531388965939312829111354084553,0.078783099242839324111129186548,0.078783099242839324111129186549,0.00000000000000000000000000000000000005032165873899528678995474177292814674055932,0.00000000000000000000000000000000000005032165873899528678995474177292814674055933,0.063686601621140738074142764016,188.48206056340630830545
61,72,15136144531388965939312829111354084553,11952668732083860469560629603327231815,True,-7085147179722405176040118958287500200,15136144531388965939312829111354084553,0.093402225820744458271829790417,0.093402225820744458271829790418,0.00000000000000000000000000000000000005032165873899528678995474177292814674055932,0.00000000000000000000000000000000000005032165873899528678995474177292814674055933,0.078305728199045872234843367886,188.05263106521254268415
62,72,15136144531388965939312829111354084553,11952668732083860469560629603327231815,True,-7085147179720711200026436372676570901,15136144531388965939312829111354084553,0.314171415767206074421482471197,0.314171415767206074421482471198,0.00000000000000000000000000000000000005032165873899528678995474177292814674055932,0.00000000000000000000000000000000000005032165873899528678995474177292814674055933,0.299074918145507488384496048665,185.26784216938291779966
63,73,16115051198600194239268190316172379449,12725689040428549011872695801566531678,True,-7543368082540546414136669495385392913,16115051198600194239268190316172379449,0.230853579459095955610464242621,0.230853579459095955610464242622,0.00000000000000000000000000000000000003008719031287706863635906090815662584675877,0.00000000000000000000000000000000000003008719031287706863635906090815662584675878,0.221827422365232835019556524349,186.01899273123963694910
64,73,16115051198600194239268190316172379449,12725689040428549011872695801566531678,True,-7543368082539857526485748495463725522,16115051198600194239268190316172379449,0.489670464737961654342700278293,0.489670464737961654342700278294,0.00000000000000000000000000000000000003008719031287706863635906090815662584675877,0.00000000000000000000000000000000000003008719031287706863635906090815662584675878,0.480644307644098533751792560021,184.41215813509591581503
65,72,15136144531388965939312829111354084553,11952668732083860469560629603327231815,True,-7085147179718617330521270423347458504,15136144531388965939312829111354084553,0.226523192160241697307018674009,0.226523192160241697307018674010,0.00000000000000000000000000000000000005032165873899528678995474177292814674055932,0.00000000000000000000000000000000000005032165873899528678995474177292814674055933,0.211426694538543111270032251477,185.98855547238810091198
66,72,15136144531388965939312829111354084553,11952668732083860469560629603327231815,True,-7085147179718370182751653906144905178,15136144531388965939312829111354084553,0.228473311595926010013246797794,0.228473311595926010013246797795,0.00000000000000000000000000000000000005032165873899528678995474177292814674055932,0.00000000000000000000000000000000000005032165873899528678995474177292814674055933,0.213376813974227423976260375262,185.96947584578036960646
67,72,15136144531388965939312829111354084553,11952668732083860469560629603327231815,True,-7085147179718217437029787168718785489,15136144531388965939312829111354084553,0.462645994634434798635782321814,0.462645994634434798635782321815,0.00000000000000000000000000000000000005032165873899528678995474177292814674055932,0.00000000000000000000000000000000000005032165873899528678995474177292814674055933,0.447549497012736212598795899283,184.43017980513545282931
68,72,15136144531388965939312829111354084553,11952668732083860469560629603327231815,True,-7085147179718123034982037386483203105,15136144531388965939312829111354084553,0.278065249360582157368344031232,0.278065249360582157368344031233,0.00000000000000000000000000000000000005032165873899528678995474177292814674055932,0.00000000000000000000000000000000000005032165873899528678995474177292814674055933,0.262968751738883571331357608700,185.53520653415328029466
69,72,15136144531388965939312829111354084553,11952668732083860469560629603327231815,True,-7085147179718064691307920430353354561,15136144531388965939312829111354084553,0.097863285811307544234775676592,0.097863285811307544234775676593,0.00000000000000000000000000000000000005032165873899528678995474177292814674055932,0.00000000000000000000000000000000000005032165873899528678995474177292814674055933,0.082766788189608958197789254060,187.93749234288231632899
70,72,15136144531388965939312829111354084553,11952668732083860469560629603327231815,True,-7085147179718028632934287603888835755,15136144531388965939312829111354084553,0.138868238102868976375586668109,0.138868238102868976375586668110,0.00000000000000000000000000000000000005032165873899528678995474177292814674055932,0.00000000000000000000000000000000000005032165873899528678995474177292814674055933,0.123771740481170390338600245577,187.10124482440033750685
71,72,15136144531388965939312829111354084553,11952668732083860469560629603327231815,True,-7085147179718006347633803474086462354,15136144531388965939312829111354084553,0.169412105696153113786639782898,0.169412105696153113786639782899,0.00000000000000000000000000000000000005032165873899528678995474177292814674055932,0.00000000000000000000000000000000000005032165873899528678995474177292814674055933,0.154315608074454527749653360366,186.64290022401400093796
72,72,15136144531388965939312829111354084553,11952668732083860469560629603327231815,True,-7085147179717992574560654777371970928,15136144531388965939312829111354084553,0.168648696651795114739716393917,0.168648696651795114739716393918,0.00000000000000000000000000000000000005032165873899528678995474177292814674055932,0.00000000000000000000000000000000000005032165873899528678995474177292814674055933,0.153552199030096528702729971385,186.65320616419709662957
73,72,15136144531388965939312829111354084553,11952668732083860469560629603327231815,True,-7085147179717984062333319344264094552,15136144531388965939312829111354084553,0.402924998862796214990917153981,0.402924998862796214990917153982,0.00000000000000000000000000000000000005032165873899528678995474177292814674055932,0.00000000000000000000000000000000000005032165873899528678995474177292814674055933,0.387828501241097628953930731449,184.72781152819525088550
74,72,15136144531388965939312829111354084553,11952668732083860469560629603327231815,True,-7085147179717978801487506080649842321,15136144531388965939312829111354084553,0.062036998277679293992357430166,0.062036998277679293992357430167,0.00000000000000000000000000000000000005032165873899528678995474177292814674055932,0.00000000000000000000000000000000000005032165873899528678995474177292814674055933,0.046940500655980707955371007635,189.11607106088710836371
75,72,15136144531388965939312829111354084553,11952668732083860469560629603327231815,True,-7085147179717975550105983911153301031,15136144531388965939312829111354084553,0.244494383332379767808608755076,0.244494383332379767808608755077,0.00000000000000000000000000000000000005032165873899528678995474177292814674055932,0.00000000000000000000000000000000000005032165873899528678995474177292814674055933,0.229397885710681181771622332545,185.81902587374151878126
76,72,15136144531388965939312829111354084553,11952668732083860469560629603327231815,True,-7085147179717973540641692817034475841,15136144531388965939312829111354084553,0.495423262523304637576780842779,0.495423262523304637576780842780,0.00000000000000000000000000000000000005032165873899528678995474177292814674055932,0.00000000000000000000000000000000000005032165873899528678995474177292814674055933,0.480326764901606051539794420247,184.28330167502147502116
77,73,16115051198600194239268190316172379449,12725689040428549011872695801566531678,True,-7543368082538745022275405091211347872,16115051198600194239268190316172379449,0.179344262336719453686092055474,0.179344262336719453686092055475,0.00000000000000000000000000000000000003008719031287706863635906090815662584675877,0.00000000000000000000000000000000000003008719031287706863635906090815662584675878,0.170318105242856333095184337202,186.56808939352284026568
78,72,15136144531388965939312829111354084553,11952668732083860469560629603327231815,True,-7085147179717971531177401722915488083,15136144531388965939312829111354084553,0.086514256515977507639396464740,0.086514256515977507639396464741,0.00000000000000000000000000000000000005032165873899528678995474177292814674055932,0.00000000000000000000000000000000000005032165873899528678995474177292814674055933,0.071417758894278921602410042209,188.24396924555979974342
79,72,15136144531388965939312829111354084553,11952668732083860469560629603327231815,True,-7085147179717971056807230666278130337,15136144531388965939312829111354084553,0.497861123017841567949387227946,0.497861123017841567949387227947,0.00000000000000000000000000000000000005032165873899528678995474177292814674055932,0.00000000000000000000000000000000000005032165873899528678995474177292814674055933,0.482764625396142981912400805414,184.27278118469057074080
80,72,15136144531388965939312829111354084553,11952668732083860469560629603327231815,True,-7085147179717970763630341704174618312,15136144531388965939312829111354084553,0.366177578556698609124065513232,0.366177578556698609124065513233,0.00000000000000000000000000000000000005032165873899528678995474177292814674055932,0.00000000000000000000000000000000000005032165873899528678995474177292814674055933,0.351081080935000023087079090700,184.93467684822786111201
81,72,15136144531388965939312829111354084553,11952668732083860469560629603327231815,True,-7085147179717970582437059609640763531,15136144531388965939312829111354084553,0.449321331225667141312194642951,0.449321331225667141312194642952,0.00000000000000000000000000000000000005032165873899528678995474177292814674055932,0.00000000000000000000000000000000000005032165873899528678995474177292814674055933,0.434224833603968555275208220419,184.49298933752087472978
82,72,15136144531388965939312829111354084553,11952668732083860469560629603327231815,True,-7085147179717970470453452742071102826,15136144531388965939312829111354084553,0.329105112447401362974755253043,0.329105112447401362974755253044,0.00000000000000000000000000000000000005032165873899528678995474177292814674055932,0.00000000000000000000000000000000000005032165873899528678995474177292814674055933,0.314008614825702776937768830511,185.16658464747606788550
83,72,15136144531388965939312829111354084553,11952668732083860469560629603327231815,True,-7085147179717970401243777515106907428,15136144531388965939312829111354084553,0.301554302559608540910037490994,0.301554302559608540910037490995,0.00000000000000000000000000000000000005032165873899528678995474177292814674055932,0.00000000000000000000000000000000000005032165873899528678995474177292814674055933,0.286457804937909954873051068462,185.35741365228373994951
84,72,15136144531388965939312829111354084553,11952668732083860469560629603327231815,True,-7085147179717970358469845874501441617,15136144531388965939312829111354084553,0.236664753582640185799313116223,0.236664753582640185799313116224,0.00000000000000000000000000000000000005032165873899528678995474177292814674055932,0.00000000000000000000000000000000000005032165873899528678995474177292814674055933,0.221568255960941599762326693691,185.89119220652995102657
85,72,15136144531388965939312829111354084553,11952668732083860469560629603327231815,True,-7085147179717970332034102288142711836,15136144531388965939312829111354084553,0.224275093484876221783687165157,0.224275093484876221783687165158,0.00000000000000000000000000000000000005032165873899528678995474177292814674055932,0.00000000000000000000000000000000000005032165873899528678995474177292814674055933,0.209178595863177635746700742625,186.01077007144288721820
86,72,15136144531388965939312829111354084553,11952668732083860469560629603327231815,True,-7085147179717970315695914233895975733,15136144531388965939312829111354084553,0.115217045417205153522937009314,0.115217045417205153522937009315,0.00000000000000000000000000000000000005032165873899528678995474177292814674055932,0.00000000000000000000000000000000000005032165873899528678995474177292814674055933,0.100120547795506567485950586782,187.54193251679113104415
87,72,15136144531388965939312829111354084553,11952668732083860469560629603327231815,True,-7085147179717970305598358701783982027,15136144531388965939312829111354084553,0.076396329412566918523027241877,0.076396329412566918523027241878,0.00000000000000000000000000000000000005032165873899528678995474177292814674055932,0.00000000000000000000000000000000000005032165873899528678995474177292814674055933,0.061299831790868332486040819345,188.56143746966785785063
88,72,15136144531388965939312829111354084553,11952668732083860469560629603327231815,True,-7085147179717970299357726179649239619,15136144531388965939312829111354084553,0.259358449733581969166486422014,0.259358449733581969166486422015,0.00000000000000000000000000000000000005032165873899528678995474177292814674055932,0.00000000000000000000000000000000000005032165873899528678995474177292814674055933,0.244261952111883383129499999482,185.68855685295521069006
89,72,15136144531388965939312829111354084553,11952668732083860469560629603327231815,True,-7085147179717970295500803169671988317,15136144531388965939312829111354084553,0.067336925465382291842985361596,0.067336925465382291842985361597,0.00000000000000000000000000000000000005032165873899528678995474177292814674055932,0.00000000000000000000000000000000000005032165873899528678995474177292814674055933,0.052240427843683705805998939064,188.89376601123918285848
90,72,15136144531388965939312829111354084553,11952668732083860469560629603327231815,True,-7085147179717970293117093657514497210,15136144531388965939312829111354084553,0.125616498949383782242845647913,0.125616498949383782242845647914,0.00000000000000000000000000000000000005032165873899528678995474177292814674055932,0.00000000000000000000000000000000000005032165873899528678995474177292814674055933,0.110520001327685196205859225381,187.33657269605512143328
91,73,16115051198600194239268190316172379449,12725689040428549011872695801566531678,True,-7543368082538742885390000433840245825,16115051198600194239268190316172379449,0.422847146742433730256650998247,0.422847146742433730256650998248,0.00000000000000000000000000000000000003008719031287706863635906090815662584675877,0.00000000000000000000000000000000000003008719031287706863635906090815662584675878,0.413820989648570609665743279975,184.72323532697944007701
92,72,15136144531388965939312829111354084553,11952668732083860469560629603327231815,True,-7085147179717970290733384145357006103,15136144531388965939312829111354084553,0.412655007845298756893607779787,0.412655007845298756893607779788,0.00000000000000000000000000000000000005032165873899528678995474177292814674055932,0.00000000000000000000000000000000000005032165873899528678995474177292814674055933,0.397558510223600170856621357255,184.67631885344349270448
93,72,15136144531388965939312829111354084553,11952668732083860469560629603327231815,True,-7085147179717970290170666661874976818,15136144531388965939312829111354084553,0.052376423246318794974236835760,0.052376423246318794974236835761,0.00000000000000000000000000000000000005032165873899528678995474177292814674055932,0.00000000000000000000000000000000000005032165873899528678995474177292814674055933,0.037279925624620208937250413228,189.59491602992067606854
94,72,15136144531388965939312829111354084553,11952668732083860469560629603327231815,True,-7085147179717970289822888131019275191,15136144531388965939312829111354084553,0.134245474232966881058765117076,0.134245474232966881058765117077,0.00000000000000000000000000000000000005032165873899528678995474177292814674055932,0.00000000000000000000000000000000000005032165873899528678995474177292814674055933,0.119148976611268295021778694545,187.18034606477580388538
95,72,15136144531388965939312829111354084553,11952668732083860469560629603327231815,True,-7085147179717970289607949178392947534,15136144531388965939312829111354084553,0.495340444203195390185693796332,0.495340444203195390185693796333,0.00000000000000000000000000000000000005032165873899528678995474177292814674055932,0.00000000000000000000000000000000000005032165873899528678995474177292814674055933,0.480243946581496804148707373800,184.28366001130266019929
96,72,15136144531388965939312829111354084553,11952668732083860469560629603327231815,True,-7085147179717970289475109600163573564,15136144531388965939312829111354084553,0.211245108475633342983393735393,0.211245108475633342983393735394,0.00000000000000000000000000000000000005032165873899528678995474177292814674055932,0.00000000000000000000000000000000000005032165873899528678995474177292814674055933,0.196148610853934756946407312861,186.14442394029427828345
97,72,15136144531388965939312829111354084553,11952668732083860469560629603327231815,True,-7085147179717970289393010225766619876,15136144531388965939312829111354084553,0.126786314330170796881751650611,0.126786314330170796881751650612,0.00000000000000000000000000000000000005032165873899528678995474177292814674055932,0.00000000000000000000000000000000000005032165873899528678995474177292814674055933,0.111689816708472210844765228079,187.31469247021479291948
98,72,15136144531388965939312829111354084553,11952668732083860469560629603327231815,True,-7085147179717970289342270021934199595,15136144531388965939312829111354084553,0.082879777173995706042339217492,0.082879777173995706042339217493,0.00000000000000000000000000000000000005032165873899528678995474177292814674055932,0.00000000000000000000000000000000000005032165873899528678995474177292814674055933,0.067783279552297120005352794960,188.35250982883150934490
99,72,15136144531388965939312829111354084553,11952668732083860469560629603327231815,True,-7085147179717970289310910851369666188,15136144531388965939312829111354084553,0.465089100430535147879741449072,0.465089100430535147879741449073,0.00000000000000000000000000000000000005032165873899528678995474177292814674055932,0.00000000000000000000000000000000000005032165873899528678995474177292814674055933,0.449992602808836561842755026540,184.41886668959014334012
100,72,15136144531388965939312829111354084553,11952668732083860469560629603327231815,True,-7085147179717970289291529818101779314,15136144531388965939312829111354084553,0.039076891573043466406635264182,0.039076891573043466406635264183,0.00000000000000000000000000000000000005032165873899528678995474177292814674055932,0.00000000000000000000000000000000000005032165873899528678995474177292814674055933,0.023980393951344880369648841650,190.51180625164151585494
101,72,15136144531388965939312829111354084553,11952668732083860469560629603327231815,True,-7085147179717970289279551680805132780,15136144531388965939312829111354084553,0.152661984941817067804576301088,0.152661984941817067804576301089,0.00000000000000000000000000000000000005032165873899528678995474177292814674055932,0.00000000000000000000000000000000000005032165873899528678995474177292814674055933,0.137565487320118481767589878556,186.88167206461483995621
102,72,15136144531388965939312829111354084553,11952668732083860469560629603327231815,True,-7085147179717970289272148784833892440,15136144531388965939312829111354084553,0.386920194726346038835339583863,0.386920194726346038835339583864,0.00000000000000000000000000000000000005032165873899528678995474177292814674055932,0.00000000000000000000000000000000000005032165873899528678995474177292814674055933,0.371823697104647452798353161331,184.81538922929662198757
103,72,15136144531388965939312829111354084553,11952668732083860469560629603327231815,True,-7085147179717970289267573543508486246,15136144531388965939312829111354084553,0.344395085153479415800673930294,0.344395085153479415800673930295,0.00000000000000000000000000000000000005032165873899528678995474177292814674055932,0.00000000000000000000000000000000000005032165873899528678995474177292814674055933,0.329298587531780829763687507762,185.06778308793535271201
104,72,15136144531388965939312829111354084553,11952668732083860469560629603327231815,True,-7085147179717970289264745888862652101,15136144531388965939312829111354084553,0.378823801840617372548107591440,0.378823801840617372548107591441,0.00000000000000000000000000000000000005032165873899528678995474177292814674055932,0.00000000000000000000000000000000000005032165873899528678995474177292814674055933,0.363727304218918786511121168908,184.86113911662592540122
105,72,15136144531388965939312829111354084553,11952668732083860469560629603327231815,True,-7085147179717970289262998302183080052,15136144531388965939312829111354084553,0.301869132829333831738490841688,0.301869132829333831738490841689,0.00000000000000000000000000000000000005032165873899528678995474177292814674055932,0.00000000000000000000000000000000000005032165873899528678995474177292814674055933,0.286772635207635245701504419156,185.35513099356260895187
106,72,15136144531388965939312829111354084553,11952668732083860469560629603327231815,True,-7085147179717970289261918234216817955,15136144531388965939312829111354084553,0.102043010737058661565230959468,0.102043010737058661565230959469,0.00000000000000000000000000000000000005032165873899528678995474177292814674055932,0.00000000000000000000000000000000000005032165873899528678995474177292814674055933,0.086946513115360075528244536937,187.83511276045071680350
107,72,15136144531388965939312829111354084553,11952668732083860469560629603327231815,True,-7085147179717970289261250715503508004,15136144531388965939312829111354084553,0.017438055456469504952418828852,0.017438055456469504952418828853,0.00000000000000000000000000000000000005032165873899528678995474177292814674055932,0.00000000000000000000000000000000000005032165873899528678995474177292814674055933,0.002341557834770918915432406320,195.34630949413494995216
108,72,15136144531388965939312829111354084553,11952668732083860469560629603327231815,True,-7085147179717970289260838166250555857,15136144531388965939312829111354084553,0.494044798731629722866864774699,0.494044798731629722866864774700,0.00000000000000000000000000000000000005032165873899528678995474177292814674055932,0.00000000000000000000000000000000000005032165873899528678995474177292814674055933,0.478948301109931136829878352168,184.28927403821547470016
109,72,15136144531388965939312829111354084553,11952668732083860469560629603327231815,True,-7085147179717970289260583196790198053,15136144531388965939312829111354084553,0.067166881885116825845354011422,0.067166881885116825845354011423,0.00000000000000000000000000000000000005032165873899528678995474177292814674055932,0.00000000000000000000000000000000000005032165873899528678995474177292814674055933,0.052070384263418239808367588890,188.90054125622226034589
110,73,16115051198600194239268190316172379449,12725689040428549011872695801566531678,True,-7543368082538742882852399665992934920,16115051198600194239268190316172379449,0.088908577637177848697491285927,0.088908577637177848697491285928,0.00000000000000000000000000000000000003008719031287706863635906090815662584675877,0.00000000000000000000000000000000000003008719031287706863635906090815662584675878,0.079882420543314728106583567655,188.14143411631013017378
111,72,15136144531388965939312829111354084553,11952668732083860469560629603327231815,True,-7085147179717970289260328227329840249,15136144531388965939312829111354084553,0.359711037578661310903923680559,0.359711037578661310903923680560,0.00000000000000000000000000000000000005032165873899528678995474177292814674055932,0.00000000000000000000000000000000000005032165873899528678995474177292814674055933,0.344614539956962724866937258027,184.97330989652271673708
112,72,15136144531388965939312829111354084553,11952668732083860469560629603327231815,True,-7085147179717970289260268037205009369,15136144531388965939312829111354084553,0.056111590749543998837293447382,0.056111590749543998837293447383,0.00000000000000000000000000000000000005032165873899528678995474177292814674055932,0.00000000000000000000000000000000000005032165873899528678995474177292814674055933,0.041015093127845412800307024850,189.39648963162339176090
113,72,15136144531388965939312829111354084553,11952668732083860469560629603327231815,True,-7085147179717970289260230837662076786,15136144531388965939312829111354084553,0.275050278393183930407610456384,0.275050278393183930407610456385,0.00000000000000000000000000000000000005032165873899528678995474177292814674055932,0.00000000000000000000000000000000000005032165873899528678995474177292814674055933,0.259953780771485344370624033852,185.55916970564547504348
114,72,15136144531388965939312829111354084553,11952668732083860469560629603327231815,True,-7085147179717970289260207847080178489,15136144531388965939312829111354084553,0.247487855933718120393714533780,0.247487855933718120393714533781,0.00000000000000000000000000000000000005032165873899528678995474177292814674055932,0.00000000000000000000000000000000000005032165873899528678995474177292814674055933,0.232391358312019534356728111248,185.79208378499762783414
115,72,15136144531388965939312829111354084553,11952668732083860469560629603327231815,True,-7085147179717970289260193638119144204,15136144531388965939312829111354084553,0.393787852519799866575023185298,0.393787852519799866575023185299,0.00000000000000000000000000000000000005032165873899528678995474177292814674055932,0.00000000000000000000000000000000000005032165873899528678995474177292814674055933,0.378691354898101280538036762766,184.77735671240560375648
116,72,15136144531388965939312829111354084553,11952668732083860469560629603327231815,True,-7085147179717970289260184856498280192,15136144531388965939312829111354084553,0.219925433452972324532828226843,0.219925433452972324532828226844,0.00000000000000000000000000000000000005032165873899528678995474177292814674055932,0.00000000000000000000000000000000000005032165873899528678995474177292814674055933,0.204828935831273738495841804311,186.05443741336742116480
117,72,15136144531388965939312829111354084553,11952668732083860469560629603327231815,True,-7085147179717970289260179429158109918,15136144531388965939312829111354084553,0.035063560981446084857194511925,0.035063560981446084857194511926,0.00000000000000000000000000000000000005032165873899528678995474177292814674055932,0.00000000000000000000000000000000000005032165873899528678995474177292814674055933,0.019967063359747498820208089393,190.89241305353892310966
118,72,15136144531388965939312829111354084553,11952668732083860469560629603327231815,True,-7085147179717970289260176074877416181,15136144531388965939312829111354084553,0.166361280577360192452630799331,0.166361280577360192452630799332,0.00000000000000000000000000000000000005032165873899528678995474177292814674055932,0.00000000000000000000000000000000000005032165873899528678995474177292814674055933,0.151264782955661606415644376799,186.68439562501678038645
119,72,15136144531388965939312829111354084553,11952668732083860469560629603327231815,True,-7085147179717970289260174001817939644,15136144531388965939312829111354084553,0.290052555417050387213714958091,0.290052555417050387213714958092,0.00000000000000000000000000000000000005032165873899528678995474177292814674055932,0.00000000000000000000000000000000000005032165873899528678995474177292814674055933,0.274956057795351801176728535559,185.44257355569203873619
120,72,15136144531388965939312829111354084553,11952668732083860469560629603327231815,True,-7085147179717970289260172720596722444,15136144531388965939312829111354084553,0.297659000173727270854249770611,0.297659000173727270854249770612,0.00000000000000000000000000000000000005032165873899528678995474177292814674055932,0.00000000000000000000000000000000000005032165873899528678995474177292814674055933,0.282562502552028684817263348080,185.38586572433431084886
121,72,15136144531388965939312829111354084553,11952668732083860469560629603327231815,True,-7085147179717970289260171928758463107,15136144531388965939312829111354084553,0.413743830256913601426849461081,0.413743830256913601426849461082,0.00000000000000000000000000000000000005032165873899528678995474177292814674055932,0.00000000000000000000000000000000000005032165873899528678995474177292814674055933,0.398647332635215015389863038549,184.67063522516096561998
122,72,15136144531388965939312829111354084553,11952668732083860469560629603327231815,True,-7085147179717970289260171439375505244,15136144531388965939312829111354084553,0.305265444930470242044752931945,0.305265444930470242044752931946,0.00000000000000000000000000000000000005032165873899528678995474177292814674055932,0.00000000000000000000000000000000000005032165873899528678995474177292814674055933,0.290168947308771656007766509413,185.33066434563707239513
123,72,15136144531388965939312829111354084553,11952668732083860469560629603327231815,True,-7085147179717970289260171136920203769,15136144531388965939312829111354084553,0.470171339659874824802696146240,0.470171339659874824802696146241,0.00000000000000000000000000000000000005032165873899528678995474177292814674055932,0.00000000000000000000000000000000000005032165873899528678995474177292814674055933,0.455074842038176238765709723709,184.39552821699086195592
124,72,15136144531388965939312829111354084553,11952668732083860469560629603327231815,True,-7085147179717970289260170949992547381,15136144531388965939312829111354084553,0.196787059604036524706252160624,0.196787059604036524706252160625,0.00000000000000000000000000000000000005032165873899528678995474177292814674055932,0.00000000000000000000000000000000000005032165873899528678995474177292814674055933,0.181690561982337938669265738092,186.30353798402745333325
125,72,15136144531388965939312829111354084553,11952668732083860469560629603327231815,True,-7085147179717970289260170834464902295,15136144531388965939312829111354084553,0.245608124250216208717212653193,0.245608124250216208717212653194,0.00000000000000000000000000000000000005032165873899528678995474177292814674055932,0.00000000000000000000000000000000000005032165873899528678995474177292814674055933,0.230511626628517622680226230661,185.80896104621693976158
126,72,15136144531388965939312829111354084553,11952668732083860469560629603327231815,True,-7085147179717970289260170763064890992,15136144531388965939312829111354084553,0.136254541132050719029597576624,0.136254541132050719029597576625,0.00000000000000000000000000000000000005032165873899528678995474177292814674055932,0.00000000000000000000000000000000000005032165873899528678995474177292814674055933,0.121158043510352132992611154092,187.14559790867171917792
127,72,15136144531388965939312829111354084553,11952668732083860469560629603327231815,True,-7085147179717970289260170718937257210,15136144531388965939312829111354084553,0.311996691895531595191995829414,0.311996691895531595191995829415,0.00000000000000000000000000000000000005032165873899528678995474177292814674055932,0.00000000000000000000000000000000000005032165873899528678995474177292814674055933,0.296900194273833009155009406882,185.28300818957239908419
128,72,15136144531388965939312829111354084553,11952668732083860469560629603327231815,True,-7085147179717970289260170691664879689,15136144531388965939312829111354084553,0.026900958013885024099164566663,0.026900958013885024099164566664,0.00000000000000000000000000000000000005032165873899528678995474177292814674055932,0.00000000000000000000000000000000000005032165873899528678995474177292814674055933,0.011804460392186438062178144131,191.98466930591201380907
129,72,15136144531388965939312829111354084553,11952668732083860469560629603327231815,True,-7085147179717970289260170674809623427,15136144531388965939312829111354084553,0.239752075076886012190630260796,0.239752075076886012190630260797,0.00000000000000000000000000000000000005032165873899528678995474177292814674055932,0.00000000000000000000000000000000000005032165873899528678995474177292814674055933,0.224655577455187426153643838264,185.86243612353468805990
130,72,15136144531388965939312829111354084553,11952668732083860469560629603327231815,True,-7085147179717970289260170664392502168,15136144531388965939312829111354084553,0.365798607923301613445801384886,0.365798607923301613445801384887,0.00000000000000000000000000000000000005032165873899528678995474177292814674055932,0.00000000000000000000000000000000000005032165873899528678995474177292814674055933,0.350702110301603027408814962354,184.93692122798269158200
131,72,15136144531388965939312829111354084553,11952668732083860469560629603327231815,True,-7085147179717970289260170657954367165,15136144531388965939312829111354084553,0.452603192139886988844305725111,0.452603192139886988844305725112,0.00000000000000000000000000000000000005032165873899528678995474177292814674055932,0.00000000000000000000000000000000000005032165873899528678995474177292814674055933,0.437506694518188402807319302579,184.47734226214434707532
132,72,15136144531388965939312829111354084553,11952668732083860469560629603327231815,True,-7085147179717970289260170653975380909,15136144531388965939312829111354084553,0.491845140769717210332125397376,0.491845140769717210332125397377,0.00000000000000000000000000000000000005032165873899528678995474177292814674055932,0.00000000000000000000000000000000000005032165873899528678995474177292814674055933,0.476748643148018624295138974844,184.29884001734950334008
133,72,15136144531388965939312829111354084553,11952668732083860469560629603327231815,True,-7085147179717970289260170651516232163,15136144531388965939312829111354084553,0.460592223643527637425941039642,0.460592223643527637425941039643,0.00000000000000000000000000000000000005032165873899528678995474177292814674055932,0.00000000000000000000000000000000000005032165873899528678995474177292814674055933,0.445495726021829051388954617111,184.43973793735407942904
134,72,15136144531388965939312829111354084553,11952668732083860469560629603327231815,True,-7085147179717970289260170649996394654,15136144531388965939312829111354084553,0.468912910600452568817461133695,0.468912910600452568817461133696,0.00000000000000000000000000000000000005032165873899528678995474177292814674055932,0.00000000000000000000000000000000000005032165873899528678995474177292814674055933,0.453816412978753982780474711163,184.40128275941024051410
135,72,15136144531388965939312829111354084553,11952668732083860469560629603327231815,True,-7085147179717970289260170649057083416,15136144531388965939312829111354084553,0.413029588056772485427474981697,0.413029588056772485427474981698,0.00000000000000000000000000000000000005032165873899528678995474177292814674055932,0.00000000000000000000000000000000000005032165873899528678995474177292814674055933,0.397933090435073899390488559165,184.67436179872335740712
136,72,15136144531388965939312829111354084553,11952668732083860469560629603327231815,True,-7085147179717970289260170648476557145,15136144531388965939312829111354084553,0.477233597557377500301977539515,0.477233597557377500301977539516,0.00000000000000000000000000000000000005032165873899528678995474177292814674055932,0.00000000000000000000000000000000000005032165873899528678995474177292814674055933,0.462137099935678914264991116983,184.36352628781010649989
137,72,15136144531388965939312829111354084553,11952668732083860469560629603327231815,True,-7085147179717970289260170648117772178,15136144531388965939312829111354084553,0.357146265513092402073010259966,0.357146265513092402073010259967,0.00000000000000000000000000000000000005032165873899528678995474177292814674055932,0.00000000000000000000000000000000000005032165873899528678995474177292814674055933,0.342049767891393816036023837434,184.98883376753310497841
138,72,15136144531388965939312829111354084553,11952668732083860469560629603327231815,True,-7085147179717970289260170647896030873,15136144531388965939312829111354084553,0.458562392942017484809951923633,0.458562392942017484809951923634,0.00000000000000000000000000000000000005032165873899528678995474177292814674055932,0.00000000000000000000000000000000000005032165873899528678995474177292814674055933,0.443465895320318898772965501101,184.44922804775425637519
139,72,15136144531388965939312829111354084553,11952668732083860469560629603327231815,True,-7085147179717970289260170647758987211,15136144531388965939312829111354084553,0.237058933468807303849225487249,0.237058933468807303849225487250,0.00000000000000000000000000000000000005032165873899528678995474177292814674055932,0.00000000000000000000000000000000000005032165873899528678995474177292814674055933,0.221962435847108717812239064717,185.88749848117181136936
140,72,15136144531388965939312829111354084553,11952668732083860469560629603327231815,True,-7085147179717970289260170647674289569,15136144531388965939312829111354084553,0.274271051397127371690934565771,0.274271051397127371690934565772,0.00000000000000000000000000000000000005032165873899528678995474177292814674055932,0.00000000000000000000000000000000000005032165873899528678995474177292814674055933,0.259174553775428785653948143239,185.56540825028872674045
141,72,15136144531388965939312829111354084553,11952668732083860469560629603327231815,True,-7085147179717970289260170647621943548,15136144531388965939312829111354084553,0.067319740120367907490840984310,0.067319740120367907490840984311,0.00000000000000000000000000000000000005032165873899528678995474177292814674055932,0.00000000000000000000000000000000000005032165873899528678995474177292814674055933,0.052223242498669321453854561778,188.89444974446273197949
142,72,15136144531388965939312829111354084553,11952668732083860469560629603327231815,True,-7085147179717970289260170647589591928,15136144531388965939312829111354084553,0.214398963736937952769194192414,0.214398963736937952769194192415,0.00000000000000000000000000000000000005032165873899528678995474177292814674055932,0.00000000000000000000000000000000000005032165873899528678995474177292814674055933,0.199302466115239366732207769883,186.11127635408417582743
143,72,15136144531388965939312829111354084553,11952668732083860469560629603327231815,True,-7085147179717970289260170647569597527,15136144531388965939312829111354084553,0.139631571156391556709362913215,0.139631571156391556709362913216,0.00000000000000000000000000000000000005032165873899528678995474177292814674055932,0.00000000000000000000000000000000000005032165873899528678995474177292814674055933,0.124535073534692970672376490683,187.08846807126640172039
144,72,15136144531388965939312829111354084553,11952668732083860469560629603327231815,True,-7085147179717970289260170647557240308,15136144531388965939312829111354084553,0.496117667594243813029271506127,0.496117667594243813029271506128,0.00000000000000000000000000000000000005032165873899528678995474177292814674055932,0.00000000000000000000000000000000000005032165873899528678995474177292814674055933,0.481021169972545226992285083595,184.28029956871931529840
145,72,15136144531388965939312829111354084553,11952668732083860469560629603327231815,True,-7085147179717970289260170647549603126,15136144531388965939312829111354084553,0.064864178575845160649547728912,0.064864178575845160649547728913,0.00000000000000000000000000000000000005032165873899528678995474177292814674055932,0.00000000000000000000000000000000000005032165873899528678995474177292814674055933,0.049767680954146574612561306380,188.99453427137560375736
146,72,15136144531388965939312829111354084553,11952668732083860469560629603327231815,True,-7085147179717970289260170647544883088,15136144531388965939312829111354084553,0.147396235967903930650813753256,0.147396235967903930650813753257,0.00000000000000000000000000000000000005032165873899528678995474177292814674055932,0.00000000000000000000000000000000000005032165873899528678995474177292814674055933,0.132299738346205344613827330724,186.96277975923876472162
147,72,15136144531388965939312829111354084553,11952668732083860469560629603327231815,True,-7085147179717970289260170647541965944,15136144531388965939312829111354084553,0.366389310442553491730173700088,0.366389310442553491730173700089,0.00000000000000000000000000000000000005032165873899528678995474177292814674055932,0.00000000000000000000000000000000000005032165873899528678995474177292814674055933,0.351292812820854905693187277556,184.93342396203706430817
148,72,15136144531388965939312829111354084553,11952668732083860469560629603327231815,True,-7085147179717970289260170647540163050,15136144531388965939312829111354084553,0.359656650511653021951174338488,0.359656650511653021951174338489,0.00000000000000000000000000000000000005032165873899528678995474177292814674055932,0.00000000000000000000000000000000000005032165873899528678995474177292814674055933,0.344560152889954435914187915956,184.97363788608484648347
149,72,15136144531388965939312829111354084553,11952668732083860469560629603327231815,True,-7085147179717970289260170647539048801,15136144531388965939312829111354084553,0.414617615082796947190466695680,0.414617615082796947190466695681,0.00000000000000000000000000000000000005032165873899528678995474177292814674055932,0.00000000000000000000000000000000000005032165873899528678995474177292814674055933,0.399521117461098361153480273148,184.66608530454256653079
150,72,15136144531388965939312829111354084553,11952668732083860469560629603327231815,True,-7085147179717970289260170647538360156,15136144531388965939312829111354084553,0.352923990580752552172174846027,0.352923990580752552172174846028,0.00000000000000000000000000000000000005032165873899528678995474177292814674055932,0.00000000000000000000000000000000000005032165873899528678995474177292814674055933,0.337827492959053966135188423495,185.01464538861737644567
151,72,15136144531388965939312829111354084553,11952668732083860469560629603327231815,True,-7085147179717970289260170647537934551,15136144531388965939312829111354084553,0.188891880677246916332107779833,0.188891880677246916332107779834,0.00000000000000000000000000000000000005032165873899528678995474177292814674055932,0.00000000000000000000000000000000000005032165873899528678995474177292814674055933,0.173795383055548330295121357301,186.39585987035423287768
152,72,15136144531388965939312829111354084553,11952668732083860469560629603327231815,True,-7085147179717970289260170647537671512,15136144531388965939312829111354084553,0.120465596244302051534816368641,0.120465596244302051534816368642,0.00000000000000000000000000000000000005032165873899528678995474177292814674055932,0.00000000000000000000000000000000000005032165873899528678995474177292814674055933,0.105369098622603465497829946109,187.43575376021554991118
153,72,15136144531388965939312829111354084553,11952668732083860469560629603327231815,True,-7085147179717970289260170647537508945,15136144531388965939312829111354084553,0.269292248064753615163609587013,0.269292248064753615163609587014,0.00000000000000000000000000000000000005032165873899528678995474177292814674055932,0.00000000000000000000000000000000000005032165873899528678995474177292814674055933,0.254195750443055029126623164481,185.60571720623357674668
154,72,15136144531388965939312829111354084553,11952668732083860469560629603327231815,True,-7085147179717970289260170647537408473,15136144531388965939312829111354084553,0.429823073165851019401740514331,0.429823073165851019401740514332,0.00000000000000000000000000000000000005032165873899528678995474177292814674055932,0.00000000000000000000000000000000000005032165873899528678995474177292814674055933,0.414726575544152433364754091799,184.58846288651670646846
155,72,15136144531388965939312829111354084553,11952668732083860469560629603327231815,True,-7085147179717970289260170647537346378,15136144531388965939312829111354084553,0.418118899885205178792402804321,0.418118899885205178792402804322,0.00000000000000000000000000000000000005032165873899528678995474177292814674055932,0.00000000000000000000000000000000000005032165873899528678995474177292814674055933,0.403022402263506592755416381789,184.64795290389532665806
156,72,15136144531388965939312829111354084553,11952668732083860469560629603327231815,True,-7085147179717970289260170647537308002,15136144531388965939312829111354084553,0.409646101733051576360128558757,0.409646101733051576360128558758,0.00000000000000000000000000000000000005032165873899528678995474177292814674055932,0.00000000000000000000000000000000000005032165873899528678995474177292814674055933,0.394549604111352990323142136225,184.69210659352785243999
157,72,15136144531388965939312829111354084553,11952668732083860469560629603327231815,True,-7085147179717970289260170647537284283,15136144531388965939312829111354084553,0.406414726604559338183065094156,0.406414726604559338183065094157,0.00000000000000000000000000000000000005032165873899528678995474177292814674055932,0.00000000000000000000000000000000000005032165873899528678995474177292814674055933,0.391318228982860752146078671624,184.70919627694398473215
158,72,15136144531388965939312829111354084553,11952668732083860469560629603327231815,True,-7085147179717970289260170647537269625,15136144531388965939312829111354084553,0.237411103351308331512659921895,0.237411103351308331512659921896,0.00000000000000000000000000000000000005032165873899528678995474177292814674055932,0.00000000000000000000000000000000000005032165873899528678995474177292814674055933,0.222314605729609745475673499363,185.88420396125890692617
159,72,15136144531388965939312829111354084553,11952668732083860469560629603327231815,True,-7085147179717970289260170647537260565,15136144531388965939312829111354084553,0.222475554942170252726258747047,0.222475554942170252726258747048,0.00000000000000000000000000000000000005032165873899528678995474177292814674055932,0.00000000000000000000000000000000000005032165873899528678995474177292814674055933,0.207379057320471666689272324515,186.02872494873330988117
160,72,15136144531388965939312829111354084553,11952668732083860469560629603327231815,True,-7085147179717970289260170647537254966,15136144531388965939312829111354084553,0.118763066692823998791615062044,0.118763066692823998791615062045,0.00000000000000000000000000000000000005032165873899528678995474177292814674055932,0.00000000000000000000000000000000000005032165873899528678995474177292814674055933,0.103666569071125412754628639512,187.46960523320395567814
161,72,15136144531388965939312829111354084553,11952668732083860469560629603327231815,True,-7085147179717970289260170647537251506,15136144531388965939312829111354084553,0.317637786764351163034822584013,0.317637786764351163034822584014,0.00000000000000000000000000000000000005032165873899528678995474177292814674055932,0.00000000000000000000000000000000000005032165873899528678995474177292814674055933,0.302541289142652576997836161481,185.24389500884926570645
162,73,16115051198600194239268190316172379449,12725689040428549011872695801566531678,True,-7543368082538742882852128206778260477,16115051198600194239268190316172379449,0.226406826332448396536310929140,0.226406826332448396536310929141,0.00000000000000000000000000000000000003008719031287706863635906090815662584675877,0.00000000000000000000000000000000000003008719031287706863635906090815662584675878,0.217380669238585275945403210868,186.06107326414159593525
163,72,15136144531388965939312829111354084553,11952668732083860469560629603327231815,True,-7085147179717970289260170647537248045,15136144531388965939312829111354084553,0.245961359778473675138739769927,0.245961359778473675138739769928,0.00000000000000000000000000000000000005032165873899528678995474177292814674055932,0.00000000000000000000000000000000000005032165873899528678995474177292814674055933,0.230864862156775089101753347395,185.80577902765875537880
164,72,15136144531388965939312829111354084553,11952668732083860469560629603327231815,True,-7085147179717970289260170647537247228,15136144531388965939312829111354084553,0.347738943651306652748765338095,0.347738943651306652748765338096,0.00000000000000000000000000000000000005032165873899528678995474177292814674055932,0.00000000000000000000000000000000000005032165873899528678995474177292814674055933,0.332642446029608066711778915563,185.04678759931158588101
165,72,15136144531388965939312829111354084553,11952668732083860469560629603327231815,True,-7085147179717970289260170647537246723,15136144531388965939312829111354084553,0.476872141113469605420508162813,0.476872141113469605420508162814,0.00000000000000000000000000000000000005032165873899528678995474177292814674055932,0.00000000000000000000000000000000000005032165873899528678995474177292814674055933,0.461775643491771019383521740281,184.36515228107050172375
166,72,15136144531388965939312829111354084553,11952668732083860469560629603327231815,True,-7085147179717970289260170647537246411,15136144531388965939312829111354084553,0.449516527524139630358790906263,0.449516527524139630358790906264,0.00000000000000000000000000000000000005032165873899528678995474177292814674055932,0.00000000000000000000000000000000000005032165873899528678995474177292814674055933,0.434420029902441044321804483731,184.49205538879499511654
167,72,15136144531388965939312829111354084553,11952668732083860469560629603327231815,True,-7085147179717970289260170647537246219,15136144531388965939312829111354084553,0.393994661424367441907749012467,0.393994661424367441907749012468,0.00000000000000000000000000000000000005032165873899528678995474177292814674055932,0.00000000000000000000000000000000000005032165873899528678995474177292814674055933,0.378898163802668855870762589935,184.77622214842380737587
168,72,15136144531388965939312829111354084553,11952668732083860469560629603327231815,True,-7085147179717970289260170647537246099,15136144531388965939312829111354084553,0.422160913934809655297073649712,0.422160913934809655297073649713,0.00000000000000000000000000000000000005032165873899528678995474177292814674055932,0.00000000000000000000000000000000000005032165873899528678995474177292814674055933,0.407064416313111069260087227180,184.62721506185969984586
169,72,15136144531388965939312829111354084553,11952668732083860469560629603327231815,True,-7085147179717970289260170647537246026,15136144531388965939312829111354084553,0.237505850372874514174288931198,0.237505850372874514174288931199,0.00000000000000000000000000000000000005032165873899528678995474177292814674055932,0.00000000000000000000000000000000000005032165873899528678995474177292814674055933,0.222409352751175928137302508666,185.88331850165833054280
170,72,15136144531388965939312829111354084553,11952668732083860469560629603327231815,True,-7085147179717970289260170647537245980,15136144531388965939312829111354084553,0.238316489293986752501896311892,0.238316489293986752501896311893,0.00000000000000000000000000000000000005032165873899528678995474177292814674055932,0.00000000000000000000000000000000000005032165873899528678995474177292814674055933,0.223219991672288166464909889360,185.87575804802561266415
171,72,15136144531388965939312829111354084553,11952668732083860469560629603327231815,True,-7085147179717970289260170647537245952,15136144531388965939312829111354084553,0.102827385319441316354348487891,0.102827385319441316354348487892,0.00000000000000000000000000000000000005032165873899528678995474177292814674055932,0.00000000000000000000000000000000000005032165873899528678995474177292814674055933,0.087730887697742730317362065359,187.81644967628265717428
172,72,15136144531388965939312829111354084553,11952668732083860469560629603327231815,True,-7085147179717970289260170647537245935,15136144531388965939312829111354084553,0.285861171039151980821918445017,0.285861171039151980821918445018,0.00000000000000000000000000000000000005032165873899528678995474177292814674055932,0.00000000000000000000000000000000000005032165873899528678995474177292814674055933,0.270764673417453394784932022485,185.47449549610069496587
173,72,15136144531388965939312829111354084553,11952668732083860469560629603327231815,True,-7085147179717970289260170647537245924,15136144531388965939312829111354084553,0.032661718655104119793199336110,0.032661718655104119793199336111,0.00000000000000000000000000000000000005032165873899528678995474177292814674055932,0.00000000000000000000000000000000000005032165873899528678995474177292814674055933,0.017565221033405533756212913578,191.15874735367321640514
174,72,15136144531388965939312829111354084553,11952668732083860469560629603327231815,True,-7085147179717970289260170647537245917,15136144531388965939312829111354084553,0.325450272602254722001814622074,0.325450272602254722001814622075,0.00000000000000000000000000000000000005032165873899528678995474177292814674055932,0.00000000000000000000000000000000000005032165873899528678995474177292814674055933,0.310353774980556135964828199542,185.19091398491888920045
175,72,15136144531388965939312829111354084553,11952668732083860469560629603327231815,True,-7085147179717970289260170647537245913,15136144531388965939312829111354084553,0.220537733728943741235519772796,0.220537733728943741235519772797,0.00000000000000000000000000000000000005032165873899528678995474177292814674055932,0.00000000000000000000000000000000000005032165873899528678995474177292814674055933,0.205441236107245155198533350265,186.04823460250228652639
176,72,15136144531388965939312829111354084553,11952668732083860469560629603327231815,True,-7085147179717970289260170647537245911,15136144531388965939312829111354084553,0.316437736140386436203171419740,0.316437736140386436203171419741,0.00000000000000000000000000000000000005032165873899528678995474177292814674055932,0.00000000000000000000000000000000000005032165873899528678995474177292814674055933,0.301341238518687850166184997208,185.25215427344128710904
177,72,15136144531388965939312829111354084553,11952668732083860469560629603327231815,True,-7085147179717970289260170647537245909,15136144531388965939312829111354084553,0.115625194855632760469224923519,0.115625194855632760469224923520,0.00000000000000000000000000000000000005032165873899528678995474177292814674055932,0.00000000000000000000000000000000000005032165873899528678995474177292814674055933,0.100528697233934174432238500987,187.53347824944893052484
178,72,15136144531388965939312829111354084553,11952668732083860469560629603327231815,True,-7085147179717970289260170647537245908,15136144531388965939312829111354084553,0.146586793990283386358137387722,0.146586793990283386358137387723,0.00000000000000000000000000000000000005032165873899528678995474177292814674055932,0.00000000000000000000000000000000000005032165873899528678995474177292814674055933,0.131490296368584800321150965190,186.97553305424795289380
179,72,15136144531388965939312829111354084553,11952668732083860469560629603327231815,True,-7085147179717970289260170647537245908,15136144531388965939312829111354084553,0.452311874148348042858378733221,0.452311874148348042858378733222,0.00000000000000000000000000000000000005032165873899528678995474177292814674055932,0.00000000000000000000000000000000000005032165873899528678995474177292814674055933,0.437215376526649456821392310689,184.47872643695954682517
180,72,15136144531388965939312829111354084553,11952668732083860469560629603327231815,True,-7085147179717970289260170647537245907,15136144531388965939312829111354084553,0.177548393124934012247049851925,0.177548393124934012247049851926,0.00000000000000000000000000000000000005032165873899528678995474177292814674055932,0.00000000000000000000000000000000000005032165873899528678995474177292814674055933,0.162451895503235426210063429393,186.53612391623439963655
181,72,15136144531388965939312829111354084553,11952668732083860469560629603327231815,True,-7085147179717970289260170647537245907,15136144531388965939312829111354084553,0.051210542286979472074894854164,0.051210542286979472074894854165,0.00000000000000000000000000000000000005032165873899528678995474177292814674055932,0.00000000000000000000000000000000000005032165873899528678995474177292814674055933,0.036114044665280886037908431632,189.66094341024334613100
182,72,15136144531388965939312829111354084553,11952668732083860469560629603327231815,True,-7085147179717970289260170647537245907,15136144531388965939312829111354084553,0.192591339601783932647521562928,0.192591339601783932647521562929,0.00000000000000000000000000000000000005032165873899528678995474177292814674055932,0.00000000000000000000000000000000000005032165873899528678995474177292814674055933,0.177494841980085346610535140396,186.35208933033744326440
183,72,15136144531388965939312829111354084553,11952668732083860469560629603327231815,True,-7085147179717970289260170647537245907,15136144531388965939312829111354084553,0.279969477698892956396839560254,0.279969477698892956396839560255,0.00000000000000000000000000000000000005032165873899528678995474177292814674055932,0.00000000000000000000000000000000000005032165873899528678995474177292814674055933,0.264872980077194370359853137722,185.52021276259862918122
184,72,15136144531388965939312829111354084553,11952668732083860469560629603327231815,True,-7085147179717970289260170647537245907,15136144531388965939312829111354084553,0.333972136916588393220148271692,0.333972136916588393220148271693,0.00000000000000000000000000000000000005032165873899528678995474177292814674055932,0.00000000000000000000000000000000000005032165873899528678995474177292814674055933,0.318875639294889807183161849160,185.13462209123521064317
185,72,15136144531388965939312829111354084553,11952668732083860469560629603327231815,True,-7085147179717970289260170647537245907,15136144531388965939312829111354084553,0.367347615796001980146157557580,0.367347615796001980146157557581,0.00000000000000000000000000000000000005032165873899528678995474177292814674055932,0.00000000000000000000000000000000000005032165873899528678995474177292814674055933,0.352251118174303394109171135048,184.92776278591024821519
